id,name
Measor,Nissan
Figiovanni,BMW
Ilett,Cadillac
Badder,Aston Martin
Yitshak,Lexus
Brodway,Subaru
Gillooly,Saab
Upcraft,Chevrolet
Edling,Saab
Sparkwill,Subaru
Musk,Infiniti
Albion,Lincoln
Faires,Dodge
Marchello,Mercedes-Benz
Pallent,Isuzu
Clowton,Land Rover
Gomery,Kia
Sleit,Subaru
Evamy,Honda
Vell,Lincoln
Stubbings,Chevrolet
Moncrieffe,Chevrolet
MacCostigan,Pontiac
Vassano,Lincoln
Jeacock,Mitsubishi
Mertel,Porsche
Mangeney,Honda
Budding,Porsche
Hampshire,Saab
Roistone,Nissan
McSharry,Volkswagen
Machin,Saab
Ambroix,Jeep
Biss,Acura
Jockle,Ford
Dunbar,BMW
Moffett,Chevrolet
Leechman,GMC
Kase,Dodge
Iredale,Mazda
Breach,Toyota
Romney,Pontiac
Griffoen,Mercury
Ulyatt,Mazda
Rumke,Buick
Trehearne,Toyota
Jestico,Pontiac
Griniov,Chevrolet
Cotty,Pontiac
Lovelace,Buick
Godilington,Acura
Belcher,Alfa Romeo
Treneman,Honda
Tackley,Honda
Fandrey,Dodge
Binne,Suzuki
Durdan,Honda
Serman,Chrysler
Dutt,Buick
Andrews,Audi
Eite,Lincoln
Muslim,Jeep
Hutchins,BMW
Farryann,Ford
Carbett,Audi
Ungerecht,MINI
Tussaine,Dodge
Crosetto,Spyker
Stollberg,Acura
Gaspero,Buick
Baptista,Volvo
Liddicoat,Saturn
Gever,Toyota
Pigeon,Jeep
Patience,Maserati
Lengthorn,Volkswagen
Martinho,Honda
Formie,Ford
Goford,Mercedes-Benz
Cowlard,Mercedes-Benz
Duesbury,Volvo
Carley,Land Rover
Lecount,Ford
Reid,Mercedes-Benz
MacAleese,Chevrolet
Schult,Lexus
Spraberry,BMW
Heiss,Audi
Moberley,GMC
Fawdry,Chevrolet
Doick,Ford
Milroy,Hyundai
Sazio,Ford
Skerme,Jeep
Goldson,Mercedes-Benz
Stonelake,Kia
Haslegrave,Dodge
Antcliffe,Mitsubishi
Thomen,Infiniti
Knevet,Subaru
Harmston,Chrysler
Danihel,Land Rover
Yarrell,Dodge
Pymm,Suzuki
Kilgallon,Land Rover
Cotta,Pontiac
Gouldbourn,Lexus
Tidmas,Acura
Talton,Honda
Kose,Buick
Georgescu,Chevrolet
Clapston,Mazda
Yell,Chrysler
Waplington,Ford
Lahy,Mitsubishi
Lacotte,Pontiac
Altree,Dodge
Haacker,MINI
Mundie,Audi
Finney,Mazda
Wynrehame,Mitsubishi
McGurgan,Saturn
Vasilchikov,Cadillac
Skegg,Ford
Iacovino,Chevrolet
Megainey,Chrysler
Sazio,Cadillac
Sallis,Chevrolet
Dudman,Chevrolet
Zoellner,Mercury
Brownlow,Infiniti
MacKean,Mitsubishi
Anglin,Chevrolet
Fearey,Kia
Kilday,Pontiac
Connolly,Toyota
Macer,Ford
Weber,Volvo
Lavallie,Nissan
Largent,Ford
Patshull,Mazda
Sawley,Saturn
Tirte,Fillmore
Malafe,Suzuki
Callcott,Volkswagen
Nardrup,GMC
Goldsmith,Pontiac
Hollingby,Infiniti
Iggo,Mitsubishi
Haward,BMW
Atyeo,Chevrolet
Cashell,BMW
Basley,Nissan
Cheal,Mitsubishi
Bradforth,BMW
Sentance,Dodge
Longmire,Plymouth
Kemmey,Acura
Megarry,Mercury
Thorsen,Acura
Beldum,Mazda
Doman,Aston Martin
Zipsell,Acura
Sambidge,Chevrolet
Grisard,GMC
Petroff,Chevrolet
McNeish,BMW
Osselton,Land Rover
Rennocks,Lamborghini
Hazeldene,Volkswagen
Vallance,Volkswagen
Cotton,Mercedes-Benz
Emeline,Ford
Ivanshintsev,GMC
Fillary,Dodge
Soppett,Lexus
Reinard,Toyota
Beer,Geo
Bloy,Chrysler
Gittens,Aston Martin
Deer,BMW
Heugle,Mitsubishi
Tother,Holden
Schuchmacher,Lincoln
Judkin,Ford
Korejs,Nissan
Whitelaw,Kia
Dobell,Nissan
Denyer,Chevrolet
Boulde,Dodge
Paolucci,Kia
Peert,Buick
Webberley,Volvo
Pay,Honda
Halbard,Land Rover
Jerger,Mercedes-Benz
Paulucci,GMC
Skilton,Pontiac
Delacote,Kia
Hrishchenko,Isuzu
Trustram,Mitsubishi
Mealiffe,Lincoln
Wilhelmy,Mitsubishi
Gethin,Hyundai
Kment,Toyota
Thresher,Pontiac
Basant,Oldsmobile
Pes,Bugatti
Kovacs,Mitsubishi
Pahler,Toyota
Sloley,Mazda
Grogan,Mitsubishi
Chislett,Dodge
McCrostie,Jaguar
Armitt,Chevrolet
Geering,Pontiac
De Vaan,Nissan
Sebring,Suzuki
Presslie,Ford
McOwen,Mazda
Ramme,Lincoln
Hinckes,Mazda
Gilvear,Mitsubishi
McClifferty,Toyota
Salvati,Toyota
Brinded,Buick
Lowbridge,Aston Martin
Ventam,GMC
Burdoun,Volkswagen
Leahair,Audi
Izkoveski,Suzuki
McMoyer,GMC
Sisnett,Cadillac
Gedney,Acura
Di Ruggiero,Nissan
Earthfield,Saturn
Prisley,Dodge
Fudge,Toyota
Gwinn,Mercury
Fellini,Mitsubishi
Branchett,Jeep
Barth,Mitsubishi
Corradengo,Kia
Daniellot,GMC
Greenman,Mercedes-Benz
Schankelborg,Oldsmobile
Schoolfield,Chevrolet
Bridden,Hyundai
Mensler,Dodge
Mulhill,Chevrolet
Brodnecke,Audi
Edmons,Volkswagen
Gilbane,Jeep
Clothier,Mercury
Rapaport,Hummer
Willford,Volvo
Hazeldene,Ford
Greally,Lincoln
Venditti,Buick
Battlestone,Lotus
Greenhow,Ford
Bakey,Dodge
Shuttle,Lotus
Tonry,Ford
Valett,Ford
Blaes,GMC
Varns,Mercury
Moen,Pontiac
Winnard,Mazda
Slocumb,Chrysler
Rodwell,Mercedes-Benz
Bruneton,Mitsubishi
Wrathall,Audi
Hanniger,Mercedes-Benz
Andryushchenko,Aston Martin
Santen,Chevrolet
January 1st,Lincoln
Oty,Acura
Molyneaux,Mercury
Garroway,Subaru
Ravenscroft,Pontiac
Dabs,Nissan
Spellissy,Volkswagen
Colt,Maserati
Tincknell,Mazda
Nicolls,Buick
Grigs,Honda
Cregan,Lexus
Botting,Subaru
Snawden,Kia
Laffoley-Lane,Chevrolet
Itzkovwitch,Lexus
Gokes,Dodge
Churches,Ford
Ovett,Subaru
Smeaton,Jaguar
Lightbody,Chrysler
Voak,Honda
Yanshonok,Audi
Tinman,Cadillac
Heinonen,Honda
Worms,Ford
McCrainor,Nissan
Scourfield,Toyota
Sly,Mercury
Fiddy,GMC
Chrispin,Chevrolet
Wasbrough,Mitsubishi
Rops,Honda
Crimpe,Chevrolet
Billington,Dodge
Marwick,Lincoln
Odgers,Nissan
Pull,Plymouth
Bamfield,GMC
Kohnen,Mitsubishi
Isakov,GMC
Dyerson,Ford
Bothie,Toyota
Ferreo,Acura
Undrell,GMC
Adlem,Nissan
Fearnsides,Toyota
Reuble,Acura
Tumulty,Lincoln
Rablen,Cadillac
Duffit,BMW
Hodinton,Chevrolet
Tatterton,Chevrolet
Izac,Hillman
Thoresbie,Mercedes-Benz
Berkley,Jaguar
Anning,Dodge
Burkert,Volkswagen
Radwell,Nissan
Cordelette,Subaru
Fredy,Jeep
Hallede,Mitsubishi
Treend,Jeep
Wilshin,Porsche
Lurriman,Toyota
Berceros,Chevrolet
Mabee,Mazda
Ainscow,Pontiac
Jobern,BMW
Saket,Audi
Carslaw,Mazda
Ecob,Mitsubishi
Hinnerk,Porsche
Crowson,Lamborghini
Tanswill,Daihatsu
Jory,Acura
Crennell,Chevrolet
Squeers,Volvo
Hambleton,Pontiac
Hollingsby,GMC
Farndon,Saab
Deacon,Bentley
Hacon,GMC
Odlin,Chrysler
Burgoin,Subaru
Gwinnell,Honda
Putman,Saab
Kislingbury,Chevrolet
Burth,Chevrolet
Smetoun,Chevrolet
Jerrand,Audi
Paslow,Infiniti
Poor,Mercedes-Benz
Witsey,Chevrolet
Mancell,Chevrolet
Bittlestone,Ford
Cutmare,Toyota
Keoghane,Dodge
Fritschmann,Ford
Dizlie,Spyker
Scotti,Toyota
Wolfe,Mazda
Dabel,GMC
Hortop,Dodge
Palfreeman,Mazda
Glaves,Jaguar
Hitter,Kia
Parres,Cadillac
De Courtney,Honda
Kardos-Stowe,GMC
Windaybank,Chevrolet
Hebblewaite,Kia
Fehely,Cadillac
Ipplett,Chevrolet
Budgett,Mercedes-Benz
Yendle,Mercedes-Benz
Bulloch,Honda
Atchly,GMC
Asman,Scion
Bazire,Mitsubishi
Nezey,Geo
Durdle,Kia
Benza,Nissan
Shearman,Scion
Glanister,Aston Martin
Mohan,Dodge
Fleury,Chevrolet
Lerego,Audi
Seth,Lamborghini
Beldon,Mazda
Playhill,Jaguar
Gamlen,BMW
Schuster,Hyundai
Drakes,GMC
Billyard,Dodge
Barnaby,Mercedes-Benz
Porch,Mitsubishi
Endersby,Lexus
Letessier,Land Rover
Wilshin,Ford
Follit,Ford
Bedell,Ford
McAvinchey,Subaru
Bartlomiej,Kia
Dimitriev,Chrysler
Borgars,MINI
Lingard,Ford
Cota,Hyundai
Ensor,Kia
Emes,Toyota
Waddie,Oldsmobile
Duran,Pontiac
Longmuir,Ford
Semiraz,Infiniti
Akehurst,Chevrolet
Jinkin,Dodge
Gaveltone,Porsche
Hastin,Subaru
Gebuhr,Suzuki
Mulhill,Pontiac
Hyde-Chambers,Dodge
Linzey,Mitsubishi
Bracknell,Plymouth
Filipson,Land Rover
Stables,Honda
Alf,Dodge
Farfalameev,Hummer
Steels,Dodge
Fawdrie,Toyota
Gillott,Chrysler
Gunstone,Cadillac
Pakeman,BMW
Bartoszek,Nissan
Moorman,Chrysler
Camosso,Suzuki
Mays,Morgan
Bowman,Mercury
Gianni,Kia
Edsall,GMC
Siddens,Jeep
Delahunt,Volkswagen
Spens,Buick
Jersh,Kia
MacBrearty,Aston Martin
Caldroni,Honda
Duer,Saturn
Twede,Acura
Linsay,Volvo
Greeno,Mazda
Vize,Porsche
Endon,Audi
Solomonides,Infiniti
Morena,BMW
Alan,Pontiac
Luggar,Saturn
Gerriet,Ford
Voisey,Chevrolet
Younge,Nissan
Calfe,Volkswagen
Argo,Cadillac
Dommersen,Chrysler
Wytchard,Lincoln
D'Almeida,Chevrolet
Yerborn,Kia
Powley,Chrysler
Paudin,Pontiac
McLane,Hyundai
Bowerbank,Chrysler
Sehorsch,Mercedes-Benz
Goward,Ford
Killbey,Audi
Zelake,Volvo
Skacel,Plymouth
Edwicke,Toyota
Darton,Mazda
Hawkshaw,Toyota
Grinnov,Mercedes-Benz
Craighill,Isuzu
Shooter,Toyota
Lafford,Audi
Jasik,Chevrolet
Drugan,Suzuki
Stainsby,Chevrolet
Lewcock,Mercury
Rosenthaler,Volvo
Breissan,Subaru
Pahlsson,Ford
Eager,Spyker
MacParlan,Hyundai
Joron,Ford
Snead,Cadillac
Backshaw,Scion
Mitford,Chevrolet
Henfre,Ford
Sedworth,Jaguar
Paintain,Ford
Fittes,Chevrolet
Thormann,Mercedes-Benz
Jillis,Pontiac
Ridsdale,Nissan
Tenniswood,GMC
Hambidge,Ford
Capelow,Ford
Mussington,Saab
Clarkin,Land Rover
Boulde,BMW
Muckloe,Ram
Kirkhouse,Audi
Seggie,Mercedes-Benz
Stryde,Suzuki
Staite,Audi
Suthren,Chevrolet
Beesey,Toyota
Stoop,Mitsubishi
Gatecliffe,Suzuki
Ervine,Lexus
Anelay,Audi
Vasilenko,Volkswagen
Braund,Saab
Heinreich,Mitsubishi
Monson,Subaru
Leather,Toyota
Ealam,Suzuki
Lorrain,Chevrolet
Jeays,Land Rover
Heather,Chevrolet
Dabbs,Chrysler
Greatbanks,BMW
Josilowski,GMC
Ollerhad,Hyundai
Emmison,Nissan
Ronaghan,Ford
Handley,Mercury
Boeter,Chrysler
Knapton,Jeep
Petruszka,Honda
Alldre,Toyota
Jadczak,Honda
Poetz,Ford
Coltart,Ford
Cummins,Subaru
Brandts,Ford
Bondar,Volkswagen
Cottu,Volkswagen
Bambridge,Toyota
Simonett,Volkswagen
Beekman,GMC
Coots,Dodge
Foister,Aston Martin
Vaillant,Volvo
Dayly,Mercedes-Benz
Hartland,Oldsmobile
Hamber,Ford
Woofendell,Mercedes-Benz
Monkeman,GMC
Comiam,Hyundai
Halley,Chevrolet
Gobel,Toyota
Colnett,Audi
Novak,Toyota
Landor,Infiniti
Oxnam,Suzuki
Fynes,Pontiac
Chanders,Jaguar
Seth,Dodge
Patesel,Ford
Sacaze,Lamborghini
Krienke,MINI
Gooderson,Mercury
Syrett,Cadillac
Burrows,Lexus
Kohrs,Kia
Danihel,Dodge
Durram,Lotus
Brankley,Audi
Plummer,Mitsubishi
Mettetal,Chevrolet
Seton,Ford
Cotes,Isuzu
Morewood,Chevrolet
Corrin,Hyundai
Broxis,Mercedes-Benz
Cockram,Mercury
Reuben,Lexus
Cregin,Chevrolet
Caile,Chevrolet
Le Grand,Mazda
Gossan,GMC
Lyptrade,Volkswagen
Dutteridge,Pontiac
Conry,Toyota
Lowerson,Toyota
Ruggiero,Lexus
Jameson,Ram
Hammill,Dodge
Splevin,BMW
Aveyard,Lincoln
Akett,Buick
de Glanville,Lexus
Hedgeman,Volvo
Jorck,Ford
Sans,Chrysler
Cornbell,Cadillac
Colleymore,Hummer
Shimon,Ford
Labrenz,Eagle
Maddams,Hyundai
Martinovic,Dodge
Di Biagio,Dodge
Ratnege,Suzuki
Honack,Rolls-Royce
Wicken,Lamborghini
Darridon,Mitsubishi
Bundy,Mercury
Staniforth,Dodge
Lancett,Subaru
Gearing,GMC
Brayfield,Nissan
Fihelly,Jaguar
Duerdin,Lincoln
Rivilis,Jaguar
Lampel,Lamborghini
Shord,Mitsubishi
Kochlin,Ford
Gash,Toyota
Rable,Volkswagen
Frank,Ford
Ehrat,Volkswagen
Matussow,Suzuki
Pietruschka,Chevrolet
Rohloff,Porsche
Nuzzetti,Mazda
Tine,Ford
Laugheran,Oldsmobile
McMeanma,Ford
Belchamber,Mazda
Petersen,Porsche
Drinkale,Mazda
Matasov,Toyota
Di Biagi,GMC
Dinsell,Kia
Forrestall,Buick
Yanin,Cadillac
Peatman,Dodge
Vorley,Volkswagen
Iannetti,Nissan
Watton,Infiniti
Guislin,Pontiac
Le Marquis,Mitsubishi
Sly,Ford
Cardenoza,Nissan
Kilpatrick,Audi
Tellett,Ford
Velten,Toyota
Chyuerton,BMW
Annes,Volvo
Wessing,Hyundai
Pincked,Rolls-Royce
Tewes,Lamborghini
Bostock,Pontiac
Cullinan,Eagle
Quennell,GMC
Hunnaball,Nissan
Jodlowski,Chrysler
McGillecole,Kia
Abramin,Buick
Paslow,Pontiac
Marcome,Volkswagen
Casazza,Dodge
Teodori,Mazda
Castagnone,Kia
Scaysbrook,GMC
Plascott,Honda
Glackin,GMC
Ritchard,BMW
Kerry,Oldsmobile
Garbutt,Mercedes-Benz
Stokoe,Lincoln
Hiscoke,BMW
Brasener,Ford
Randles,Dodge
Rothon,Pontiac
Wordington,Ford
Solomonides,Dodge
Arkell,Toyota
Dabels,Toyota
Nielson,Mercury
Grimmett,Jeep
Drysdall,Honda
Maleby,Mazda
Draxford,BMW
Mellings,Mercedes-Benz
Fallows,Dodge
Bensen,Ford
Stilling,Chevrolet
Brammar,Mazda
Neathway,Mitsubishi
Niese,Dodge
Gillani,Isuzu
Barrie,Hyundai
Taplin,Hyundai
Hellin,Audi
Wicklin,Ford
Frankiss,Volkswagen
Perillo,Acura
Pavelin,Audi
Giacomasso,Lincoln
Screach,Ford
Sjostrom,Audi
Vanyutin,Mitsubishi
Hubbock,Pontiac
Boshard,Dodge
Oki,Oldsmobile
Paeckmeyer,Mercedes-Benz
Brockett,GMC
Persey,Pontiac
Barrable,BMW
Trowell,Dodge
Ivanilov,Audi
Morrow,Volkswagen
Jachimiak,Isuzu
Moakes,Lincoln
Rambadt,GMC
De Mattei,Ford
Morrad,GMC
Inge,Chevrolet
Rickertsen,Land Rover
Klyn,Scion
Dunlop,Land Rover
Grisley,Ford
Crock,Nissan
Manton,Mitsubishi
Crutcher,Mercury
Warrack,Suzuki
Murthwaite,Oldsmobile
Scud,Hyundai
O' Faherty,Buick
Adkin,Ford
Ronchi,Dodge
Fritche,Volvo
Raynton,Saturn
Sigg,Ford
Kochel,GMC
Gaddes,GMC
Teulier,Toyota
Rippon,Infiniti
Cowdray,Jaguar
Flawn,Chevrolet
Trunchion,Land Rover
Grayer,Toyota
McAuslan,GMC
Earry,Mazda
McKerrow,GMC
Gibbetts,Nissan
Leechman,Saab
Pleace,GMC
Doswell,Nissan
Mudle,Pontiac
Philippon,Honda
Lavielle,Toyota
Alberti,Acura
Langhorn,Toyota
Geering,Ford
Benettolo,Kia
Chown,Mercedes-Benz
Blakelock,Chevrolet
Kmietsch,BMW
Metham,Mercedes-Benz
Saiens,Land Rover
Higgan,Nissan
Lawee,Ford
Reily,Mitsubishi
Warlowe,Mazda
Hengoed,Mitsubishi
Metterick,Mercedes-Benz
Sorrie,Toyota
Berrycloth,Toyota
Skipsea,Acura
Stockings,Jeep
Jerrome,Pontiac
Sandison,Dodge
Corre,Ford
Tarn,Acura
Goding,Volkswagen
Hakking,Pontiac
Camock,Dodge
Gumme,Chrysler
Proudlock,Chevrolet
Siggens,Lincoln
Chasteney,Volkswagen
Fattore,Honda
Van der Kruis,Ford
Mottley,Cadillac
McNab,Dodge
Keenor,Ford
Brigdale,Hyundai
O'Shevlin,Chevrolet
Abbots,Mercury
Findon,Toyota
Wendover,Chevrolet
Abbatini,Volkswagen
Gurwood,Chevrolet
Dibben,Lincoln
Joinson,Hyundai
Elwin,Volkswagen
Sandyfirth,Mitsubishi
Guinane,Volvo
Kitchenman,Infiniti
McAulay,Chevrolet
Bonner,Lotus
Gurnett,CitroÃ«n
Jarrad,Ford
Robardey,Honda
Brenton,Dodge
Drayn,Plymouth
Devonside,Mitsubishi
Mathelin,Audi
Cheeney,Subaru
Angless,Volkswagen
Rennenbach,Hyundai
Emsley,Chevrolet
Fetherby,Ford
Ronan,Lexus
Peete,Dodge
Jessett,Hyundai
Bower,Volkswagen
Tinton,Buick
Hutsby,Jensen
Edwicker,Buick
Dechelette,GMC
Peron,Chevrolet
Mishow,Chevrolet
Wyard,Isuzu
Muschette,Chevrolet
Thoma,Pontiac
Linturn,Honda
Dearn,Pontiac
Calvard,Chevrolet
Aronoff,Pontiac
Blachford,Audi
Brandli,Dodge
holmes,Ford
Flohard,Jaguar
Scyone,Maybach
Lattimer,Ferrari
Nehlsen,Saturn
Vellden,Lexus
Heigl,Acura
Gubbins,Alfa Romeo
Willoughey,Saab
Monck,GMC
Dutteridge,Buick
Crusham,GMC
Danielsson,Oldsmobile
Toogood,Lexus
Conkie,Dodge
Boyet,Oldsmobile
Pound,Honda
Pyrton,Pontiac
Sumpner,Toyota
Windridge,Audi
Cannop,Subaru
Hebard,Mercury
Witherbed,Lexus
Handley,Ford
Fice,GMC
Philipps,Infiniti
Bailes,Volkswagen
Shelton,BMW
Rennels,Geo
Draaisma,MINI
Poulter,Mercury
MacConchie,Audi
Haston,Ferrari
Idale,Porsche
Klimkowski,Chevrolet
Degnen,Isuzu
Impleton,Chevrolet
Dhennin,Subaru
Sangwin,Toyota
Vennart,Honda
Yurygyn,Ford
Ferraretto,BMW
Cowperthwaite,Mazda
Dudmesh,Chevrolet
MacKill,Mazda
Reidshaw,Acura
Sign,Kia
Selesnick,Pontiac
Gaskell,Audi
Puvia,Porsche
Salla,Mazda
Nannini,Mercedes-Benz
Brandacci,Volkswagen
Bunyard,Ford
Medd,Chevrolet
Burchett,Porsche
Dain,Aston Martin
Robun,Ford
Karby,Volkswagen
Lere,Jaguar
Lis,Honda
Slocket,Volvo
Bradbrook,Toyota
Jedrzejewsky,Volvo
Brinson,Acura
Gingle,GMC
Freddi,Maserati
Sindell,Chrysler
Brimilcombe,Saab
Coddrington,Hummer
Dulin,Audi
Ginnety,Land Rover
Gordge,Toyota
Ethelston,Chrysler
Yeatman,Toyota
Peel,Lexus
Taggart,Nissan
Heditch,Oldsmobile
Lashmore,Honda
Tradewell,Chevrolet
Waddoups,Saturn
Jeanequin,Jeep
Silvermann,Subaru
Jacquemet,Oldsmobile
Mooreed,Mitsubishi
Keasey,Chevrolet
Lycett,Chevrolet
Sidnell,Infiniti
Van Castele,Chevrolet
Adao,Dodge
Caslett,Subaru
Screen,Lexus
Boschmann,Maybach
Waterhous,Chevrolet
Caughey,Toyota
Munton,Pontiac
Jocic,Toyota
Normanvill,Buick
Matyatin,Maserati
Grellis,Toyota
Yeowell,Pontiac
Korejs,Chevrolet
Cauldwell,Daewoo
Leggan,Pontiac
Bonhomme,Nissan
Pinyon,Chevrolet
Santacrole,Mitsubishi
Pyson,Oldsmobile
Larraway,Nissan
Pendred,Jaguar
Gardiner,GMC
Waller,Eagle
Gleadhell,Geo
Danilyak,GMC
Dulany,Ford
Hubble,Chevrolet
Lapthorne,Isuzu
Pepi,Nissan
Everil,Chevrolet
Owers,Jaguar
Pallent,Cadillac
Banat,GMC
Stare,Honda
Lockhart,BMW
Sidsaff,Mazda
Werlock,Mercury
Drakeford,Chrysler
McCloud,Mitsubishi
Lacer,Jeep
Peasnone,MINI
McDonough,Lincoln
Faraker,GMC
MacGlory,Chrysler
Pinckney,Dodge
Loney,Chrysler
Dransfield,Mazda
Rossiter,Mazda
Jeannenet,Cadillac
Kopec,Jeep
Rentoll,Hummer
Jaggers,Audi
Mangin,Suzuki
Greveson,Chevrolet
