id,topic
1,system engine
2,Stand-alone
3,object-oriented
4,protocol
5,user-facing
6,initiative
7,Open-source
8,24 hour
9,Business-focused
10,initiative
11,system-worthy
12,secured line
13,maximized
14,customer loyalty
15,optimal
16,Right-sized
17,optimizing
18,Devolved
19,hierarchy
20,Virtual
21,complexity
22,neutral
23,Cross-group
24,non-volatile
25,holistic
26,radical
27,Cross-group
28,synergy
29,content-based
30,fresh-thinking
31,concept
32,portal
33,functionalities
34,Monitored
35,architecture
36,Multi-layered
37,Up-sized
38,alliance
39,cohesive
40,Enhanced
41,Organic
42,Upgradable
43,next generation
44,Synergized
45,Re-contextualized
46,application
47,Customer-focused
48,disintermediate
49,framework
50,responsive
51,Expanded
52,user-facing
53,actuating
54,Organized
55,full-range
56,projection
57,product
58,next generation
59,demand-driven
60,challenge
61,customer loyalty
62,Fundamental
63,Decentralized
64,Open-architected
65,homogeneous
66,Realigned
67,fresh-thinking
68,implementation
69,superstructure
70,intranet
71,attitude
72,hub
73,analyzer
74,composite
75,frame
76,user-facing
77,regional
78,structure
79,moratorium
80,encryption
81,Object-based
82,high-level
83,knowledge base
84,hierarchy
85,Reduced
86,Self-enabling
87,tertiary
88,frame
89,help-desk
90,local area network
91,next generation
92,Synergistic
93,homogeneous
94,directional
95,Persistent
96,encompassing
97,Profit-focused
98,Robust
99,hybrid
100,Open-architected
101,analyzing
102,6th generation
103,Robust
104,Open-source
105,access
106,responsive
107,algorithm
108,full-range
109,collaboration
110,value-added
111,Integrated
112,asynchronous
113,array
114,hybrid
115,modular
116,data-warehouse
117,asymmetric
118,product
119,clear-thinking
120,Inverse
121,leading edge
122,Centralized
123,Profit-focused
124,Mandatory
125,website
126,Universal
127,Organic
128,holistic
129,complexity
130,product
131,circuit
132,attitude-oriented
133,asymmetric
134,Devolved
135,neural-net
136,customer loyalty
137,array
138,productivity
139,systematic
140,software
141,Optimized
142,stable
143,instruction set
144,explicit
145,client-driven
146,Re-contextualized
147,User-centric
148,middleware
149,alliance
150,Automated
151,regional
152,matrix
153,5th generation
154,adapter
155,Progressive
156,Front-line
157,Down-sized
158,Robust
159,Universal
160,neutral
161,3rd generation
162,methodology
163,uniform
164,Quality-focused
165,functionalities
166,Cross-group
167,process improvement
168,open architecture
169,optimizing
170,stable
171,secondary
172,software
173,Compatible
174,coherent
175,demand-driven
176,Progressive
177,Cross-platform
178,paradigm
179,national
180,interface
181,Open-source
182,disintermediate
183,website
184,standardization
185,tertiary
186,fault-tolerant
187,Digitized
188,asymmetric
189,Multi-layered
190,methodology
191,zero tolerance
192,Seamless
193,scalable
194,flexibility
195,Decentralized
196,productivity
197,Stand-alone
198,dynamic
199,reciprocal
200,hub
201,protocol
202,Right-sized
203,utilisation
204,coherent
205,focus group
206,Exclusive
207,User-friendly
208,even-keeled
209,core
210,support
211,Cross-platform
212,modular
213,reciprocal
214,Switchable
215,zero administration
216,Multi-channelled
217,Customer-focused
218,Multi-tiered
219,stable
220,protocol
221,content-based
222,Open-source
223,synergy
224,time-frame
225,database
226,scalable
227,toolset
228,time-frame
229,web-enabled
230,adapter
231,high-level
232,secured line
233,regional
234,encryption
235,multi-tasking
236,analyzer
237,Business-focused
238,asymmetric
239,multimedia
240,Innovative
241,monitoring
242,Distributed
243,migration
244,Networked
245,Persevering
246,motivating
247,Public-key
248,reciprocal
249,framework
250,Distributed
251,Multi-channelled
252,national
253,homogeneous
254,standardization
255,Quality-focused
256,toolset
257,Seamless
258,Enhanced
259,Universal
260,User-centric
261,Realigned
262,initiative
263,zero tolerance
264,zero administration
265,Total
266,Multi-channelled
267,Cross-platform
268,Compatible
269,model
270,non-volatile
271,object-oriented
272,matrix
273,circuit
274,Fully-configurable
275,encryption
276,Compatible
277,Polarised
278,intranet
279,open architecture
280,Balanced
281,neural-net
282,Monitored
283,Profound
284,encoding
285,Extended
286,alliance
287,protocol
288,multi-state
289,De-engineered
290,mission-critical
291,multi-tasking
292,secondary
293,hybrid
294,system-worthy
295,holistic
296,frame
297,Compatible
298,Virtual
299,Business-focused
300,capacity
301,neural-net
302,structure
303,Streamlined
304,website
305,paradigm
306,Multi-channelled
307,synergy
308,firmware
309,User-friendly
310,Right-sized
311,Persistent
312,budgetary management
313,model
314,Right-sized
315,Expanded
316,benchmark
317,client-server
318,bottom-line
319,Up-sized
320,Reactive
321,Enhanced
322,algorithm
323,mission-critical
324,systemic
325,Business-focused
326,Phased
327,protocol
328,open architecture
329,parallelism
330,success
331,paradigm
332,Organized
333,groupware
334,Vision-oriented
335,systematic
336,Advanced
337,budgetary management
338,intangible
339,definition
340,bandwidth-monitored
341,intranet
342,extranet
343,function
344,Secured
345,definition
346,project
347,composite
348,mobile
349,impactful
350,eco-centric
351,hub
352,real-time
353,reciprocal
354,Graphic Interface
355,architecture
356,moderator
357,optimizing
358,Function-based
359,Self-enabling
360,Reactive
361,Mandatory
362,Persevering
363,firmware
364,intermediate
365,Right-sized
366,Re-contextualized
367,protocol
368,approach
369,heuristic
370,policy
371,discrete
372,collaboration
373,national
374,Multi-channelled
375,zero administration
376,Realigned
377,Future-proofed
378,Synergistic
379,national
380,Configurable
381,Customizable
382,solution-oriented
383,secondary
384,multi-state
385,middleware
386,array
387,approach
388,Down-sized
389,time-frame
390,dynamic
391,leverage
392,throughput
393,Organized
394,Persistent
395,analyzing
396,capacity
397,encoding
398,dynamic
399,dedicated
400,User-friendly
401,Customizable
402,exuding
403,Exclusive
404,dynamic
405,Assimilated
406,Multi-channelled
407,approach
408,Focused
409,analyzing
410,conglomeration
411,project
412,exuding
413,array
414,needs-based
415,contextually-based
416,pricing structure
417,bi-directional
418,Optimized
419,Multi-tiered
420,success
421,initiative
422,dedicated
423,time-frame
424,implementation
425,orchestration
426,well-modulated
427,Proactive
428,Stand-alone
429,knowledge user
430,Horizontal
431,array
432,maximized
433,Robust
434,heuristic
435,analyzing
436,paradigm
437,emulation
438,Focused
439,local
440,Distributed
441,Right-sized
442,migration
443,paradigm
444,Advanced
445,access
446,Face to face
447,monitoring
448,Compatible
449,Extended
450,implementation
451,knowledge base
452,regional
453,disintermediate
454,user-facing
455,Profit-focused
456,executive
457,Quality-focused
458,intranet
459,Vision-oriented
460,Expanded
461,Reactive
462,incremental
463,firmware
464,multimedia
465,asynchronous
466,Down-sized
467,Synergistic
468,functionalities
469,Organic
470,Pre-emptive
471,analyzer
472,User-centric
473,tangible
474,Public-key
475,matrices
476,heuristic
477,Profit-focused
478,database
479,service-desk
480,Synergized
481,workforce
482,holistic
483,high-level
484,Organic
485,Function-based
486,modular
487,Advanced
488,holistic
489,directional
490,Innovative
491,function
492,Front-line
493,artificial intelligence
494,directional
495,matrices
496,array
497,neural-net
498,Progressive
499,hub
500,homogeneous
501,Sharable
502,demand-driven
503,info-mediaries
504,methodology
505,heuristic
506,infrastructure
507,impactful
508,superstructure
509,Automated
510,parallelism
511,Sharable
512,Profound
513,contextually-based
514,frame
515,responsive
516,heuristic
517,Sharable
518,3rd generation
519,mobile
520,object-oriented
521,Front-line
522,structure
523,standardization
524,Persevering
525,access
526,paradigm
527,bifurcated
528,reciprocal
529,uniform
530,Persevering
531,intranet
532,secondary
533,interactive
534,Persevering
535,database
536,Synchronised
537,policy
538,ability
539,challenge
540,Proactive
541,Vision-oriented
542,definition
543,extranet
544,product
545,global
546,Adaptive
547,demand-driven
548,Right-sized
549,Expanded
550,functionalities
551,website
552,pricing structure
553,project
554,Right-sized
555,Virtual
556,holistic
557,Total
558,intranet
559,policy
560,logistical
561,4th generation
562,Front-line
563,Graphical User Interface
564,Versatile
565,mission-critical
566,middleware
567,interactive
568,Extended
569,Centralized
570,Centralized
571,protocol
572,leverage
573,real-time
574,composite
575,approach
576,hardware
577,Balanced
578,Innovative
579,Configurable
580,website
581,asynchronous
582,dedicated
583,Polarised
584,high-level
585,benchmark
586,Diverse
587,Graphical User Interface
588,Proactive
589,superstructure
590,contingency
591,heuristic
592,Synchronised
593,utilisation
594,client-driven
595,solution-oriented
596,Horizontal
597,service-desk
598,methodology
599,mobile
600,interface
601,actuating
602,6th generation
603,protocol
604,strategy
605,interface
606,Innovative
607,clear-thinking
608,methodical
609,Triple-buffered
610,protocol
611,value-added
612,monitoring
613,Versatile
614,scalable
615,zero administration
616,Innovative
617,initiative
618,coherent
619,analyzer
620,regional
621,clear-thinking
622,Organized
623,installation
624,framework
625,object-oriented
626,Up-sized
627,3rd generation
628,architecture
629,Persevering
630,Vision-oriented
631,hierarchy
632,alliance
633,Digitized
634,bottom-line
635,open architecture
636,Sharable
637,monitoring
638,coherent
639,Public-key
640,superstructure
641,system-worthy
642,client-server
643,product
644,3rd generation
645,Diverse
646,actuating
647,context-sensitive
648,process improvement
649,Optimized
650,intranet
651,database
652,User-friendly
653,Diverse
654,motivating
655,optimal
656,24/7
657,structure
658,Compatible
659,software
660,bi-directional
661,emulation
662,global
663,homogeneous
664,solution
665,upward-trending
666,Multi-lateral
667,architecture
668,bandwidth-monitored
669,intranet
670,foreground
671,Assimilated
672,customer loyalty
673,Extended
674,flexibility
675,architecture
676,zero tolerance
677,instruction set
678,Realigned
679,Implemented
680,Multi-tiered
681,array
682,focus group
683,homogeneous
684,Centralized
685,knowledge user
686,3rd generation
687,Diverse
688,moratorium
689,Universal
690,Multi-layered
691,Optimized
692,alliance
693,portal
694,benchmark
695,Reverse-engineered
696,approach
697,analyzer
698,concept
699,intermediate
700,well-modulated
701,architecture
702,reciprocal
703,client-server
704,Reduced
705,Re-contextualized
706,capacity
707,non-volatile
708,full-range
709,migration
710,clear-thinking
711,interactive
712,moderator
713,Multi-layered
714,Sharable
715,Compatible
716,leverage
717,systematic
718,web-enabled
719,Sharable
720,Streamlined
721,radical
722,Ergonomic
723,migration
724,client-server
725,neutral
726,multi-state
727,toolset
728,interface
729,Front-line
730,contingency
731,Cross-platform
732,intranet
733,Multi-channelled
734,Triple-buffered
735,composite
736,Diverse
737,Enhanced
738,emulation
739,systemic
740,Progressive
741,definition
742,global
743,knowledge base
744,Open-source
745,benchmark
746,Self-enabling
747,local
748,fresh-thinking
749,Cloned
750,Open-source
751,zero tolerance
752,Stand-alone
753,Grass-roots
754,local area network
755,capacity
756,Customer-focused
757,Automated
758,User-friendly
759,adapter
760,Synergistic
761,User-friendly
762,methodology
763,directional
764,productivity
765,Down-sized
766,infrastructure
767,Inverse
768,support
769,Synchronised
770,Upgradable
771,Persistent
772,uniform
773,Networked
774,hybrid
775,synergy
776,complexity
777,Front-line
778,clear-thinking
779,Public-key
780,demand-driven
781,circuit
782,6th generation
783,alliance
784,scalable
785,client-server
786,encryption
787,Focused
788,capability
789,Fundamental
790,Managed
791,client-server
792,responsive
793,web-enabled
794,flexibility
795,multimedia
796,neural-net
797,Centralized
798,multimedia
799,Optional
800,multimedia
801,Compatible
802,Multi-tiered
803,archive
804,success
805,success
806,radical
807,static
808,Upgradable
809,workforce
810,Expanded
811,installation
812,Cross-group
813,artificial intelligence
814,eco-centric
815,collaboration
816,systematic
817,Monitored
818,middleware
819,Configurable
820,paradigm
821,scalable
822,secondary
823,project
824,radical
825,Focused
826,Fundamental
827,bandwidth-monitored
828,dynamic
829,Expanded
830,benchmark
831,portal
832,neural-net
833,Switchable
834,Reactive
835,fault-tolerant
836,open system
837,Cross-group
838,data-warehouse
839,implementation
840,Extended
841,Devolved
842,Seamless
843,Optional
844,Automated
845,modular
846,well-modulated
847,impactful
848,Inverse
849,Vision-oriented
850,24 hour
851,logistical
852,Triple-buffered
853,benchmark
854,Synchronised
855,Open-architected
856,local area network
857,matrix
858,matrix
859,Exclusive
860,Vision-oriented
861,5th generation
862,Visionary
863,alliance
864,throughput
865,knowledge base
866,interface
867,implementation
868,Configurable
869,Synchronised
870,Devolved
871,Robust
872,web-enabled
873,object-oriented
874,data-warehouse
875,24 hour
876,neutral
877,parallelism
878,scalable
879,Face to face
880,Networked
881,3rd generation
882,Assimilated
883,background
884,Customer-focused
885,radical
886,explicit
887,Graphic Interface
888,intranet
889,local area network
890,well-modulated
891,Balanced
892,budgetary management
893,zero tolerance
894,secondary
895,neutral
896,4th generation
897,Decentralized
898,installation
899,Proactive
900,next generation
901,hybrid
902,leading edge
903,leading edge
904,asynchronous
905,contextually-based
906,radical
907,internet solution
908,Automated
909,Right-sized
910,6th generation
911,access
912,next generation
913,even-keeled
914,flexibility
915,projection
916,Enhanced
917,data-warehouse
918,methodical
919,Monitored
920,responsive
921,clear-thinking
922,3rd generation
923,high-level
924,attitude-oriented
925,Decentralized
926,Grass-roots
927,policy
928,dedicated
929,data-warehouse
930,support
931,Profit-focused
932,core
933,Polarised
934,pricing structure
935,Universal
936,coherent
937,support
938,paradigm
939,Operative
940,object-oriented
941,Fundamental
942,portal
943,Proactive
944,upward-trending
945,parallelism
946,intranet
947,standardization
948,mobile
949,impactful
950,Balanced
951,Cloned
952,productivity
953,attitude-oriented
954,benchmark
955,Future-proofed
956,multi-state
957,Expanded
958,even-keeled
959,Devolved
960,Down-sized
961,groupware
962,Future-proofed
963,asynchronous
964,Secured
965,leverage
966,Stand-alone
967,Vision-oriented
968,knowledge user
969,system engine
970,interactive
971,Configurable
972,User-friendly
973,web-enabled
974,service-desk
975,bi-directional
976,transitional
977,product
978,foreground
979,transitional
980,knowledge user
981,data-warehouse
982,approach
983,attitude
984,Configurable
985,analyzer
986,strategy
987,fresh-thinking
988,Switchable
989,Object-based
990,Self-enabling
991,middleware
992,system engine
993,asynchronous
994,Distributed
995,contingency
996,upward-trending
997,initiative
998,policy
999,Cross-platform
1000,asynchronous
